size,particles_mpi,iterations,num_process_mpi,mean_time_serial,mean_time_mpi,speedup,efficiency
200,4000,1000,2,0.0565,0.0488,1.16,0.58
200,8000,1000,4,0.0565,0.0352,1.61,0.4025
200,10000,1000,5,0.0565,0.0316,1.79,0.358
200,12000,1000,6,0.0565,0.0294,1.92,0.32
200,8000,1000,2,0.0565,0.0969,0.58,0.29
200,16000,1000,4,0.0565,0.0691,0.82,0.205
200,20000,1000,5,0.0565,0.0635,0.89,0.178
200,24000,1000,6,0.0565,0.059,0.96,0.16
200,12000,1000,2,0.0565,0.1433,0.39,0.195
200,24000,1000,4,0.0565,0.1013,0.56,0.14
200,30000,1000,5,0.0565,0.0919,0.61,0.122
200,36000,1000,6,0.0565,0.0842,0.67,0.1117
200,4000,1000,2,0.0565,0.0488,1.16,0.58
200,8000,1000,4,0.0565,0.0352,1.61,0.4025
200,10000,1000,5,0.0565,0.0316,1.79,0.358
200,12000,1000,6,0.0565,0.0294,1.92,0.32
200,8000,1000,2,0.0565,0.0969,0.58,0.29
200,16000,1000,4,0.0565,0.0691,0.82,0.205
200,20000,1000,5,0.0565,0.0635,0.89,0.178
200,24000,1000,6,0.0565,0.059,0.96,0.16
200,12000,1000,2,0.0565,0.1433,0.39,0.195
200,24000,1000,4,0.0565,0.1013,0.56,0.14
200,30000,1000,5,0.0565,0.0919,0.61,0.122
200,36000,1000,6,0.0565,0.0842,0.67,0.1117
200,4000,1000,2,0.0565,0.0488,1.16,0.58
200,8000,1000,4,0.0565,0.0352,1.61,0.4025
200,10000,1000,5,0.0565,0.0316,1.79,0.358
200,12000,1000,6,0.0565,0.0294,1.92,0.32
200,8000,1000,2,0.0565,0.0969,0.58,0.29
200,16000,1000,4,0.0565,0.0691,0.82,0.205
200,20000,1000,5,0.0565,0.0635,0.89,0.178
200,24000,1000,6,0.0565,0.059,0.96,0.16
200,12000,1000,2,0.0565,0.1433,0.39,0.195
200,24000,1000,4,0.0565,0.1013,0.56,0.14
200,30000,1000,5,0.0565,0.0919,0.61,0.122
200,36000,1000,6,0.0565,0.0842,0.67,0.1117
200,4000,1000,2,0.0565,0.0488,1.16,0.58
200,8000,1000,4,0.0565,0.0352,1.61,0.4025
200,10000,1000,5,0.0565,0.0316,1.79,0.358
200,12000,1000,6,0.0565,0.0294,1.92,0.32
200,8000,1000,2,0.0565,0.0969,0.58,0.29
200,16000,1000,4,0.0565,0.0691,0.82,0.205
200,20000,1000,5,0.0565,0.0635,0.89,0.178
200,24000,1000,6,0.0565,0.059,0.96,0.16
200,12000,1000,2,0.0565,0.1433,0.39,0.195
200,24000,1000,4,0.0565,0.1013,0.56,0.14
200,30000,1000,5,0.0565,0.0919,0.61,0.122
200,36000,1000,6,0.0565,0.0842,0.67,0.1117
200,4000,1000,2,0.1103,0.0488,2.26,1.13
200,8000,1000,4,0.1103,0.0352,3.13,0.7825
200,10000,1000,5,0.1103,0.0316,3.49,0.698
200,12000,1000,6,0.1103,0.0294,3.75,0.625
200,8000,1000,2,0.1103,0.0969,1.14,0.57
200,16000,1000,4,0.1103,0.0691,1.6,0.4
200,20000,1000,5,0.1103,0.0635,1.74,0.348
200,24000,1000,6,0.1103,0.059,1.87,0.3117
200,12000,1000,2,0.1103,0.1433,0.77,0.385
200,24000,1000,4,0.1103,0.1013,1.09,0.2725
200,30000,1000,5,0.1103,0.0919,1.2,0.24
200,36000,1000,6,0.1103,0.0842,1.31,0.2183
200,4000,1000,2,0.1103,0.0488,2.26,1.13
200,8000,1000,4,0.1103,0.0352,3.13,0.7825
200,10000,1000,5,0.1103,0.0316,3.49,0.698
200,12000,1000,6,0.1103,0.0294,3.75,0.625
200,8000,1000,2,0.1103,0.0969,1.14,0.57
200,16000,1000,4,0.1103,0.0691,1.6,0.4
200,20000,1000,5,0.1103,0.0635,1.74,0.348
200,24000,1000,6,0.1103,0.059,1.87,0.3117
200,12000,1000,2,0.1103,0.1433,0.77,0.385
200,24000,1000,4,0.1103,0.1013,1.09,0.2725
200,30000,1000,5,0.1103,0.0919,1.2,0.24
200,36000,1000,6,0.1103,0.0842,1.31,0.2183
200,4000,1000,2,0.1103,0.0488,2.26,1.13
200,8000,1000,4,0.1103,0.0352,3.13,0.7825
200,10000,1000,5,0.1103,0.0316,3.49,0.698
200,12000,1000,6,0.1103,0.0294,3.75,0.625
200,8000,1000,2,0.1103,0.0969,1.14,0.57
200,16000,1000,4,0.1103,0.0691,1.6,0.4
200,20000,1000,5,0.1103,0.0635,1.74,0.348
200,24000,1000,6,0.1103,0.059,1.87,0.3117
200,12000,1000,2,0.1103,0.1433,0.77,0.385
200,24000,1000,4,0.1103,0.1013,1.09,0.2725
200,30000,1000,5,0.1103,0.0919,1.2,0.24
200,36000,1000,6,0.1103,0.0842,1.31,0.2183
200,4000,1000,2,0.1103,0.0488,2.26,1.13
200,8000,1000,4,0.1103,0.0352,3.13,0.7825
200,10000,1000,5,0.1103,0.0316,3.49,0.698
200,12000,1000,6,0.1103,0.0294,3.75,0.625
200,8000,1000,2,0.1103,0.0969,1.14,0.57
200,16000,1000,4,0.1103,0.0691,1.6,0.4
200,20000,1000,5,0.1103,0.0635,1.74,0.348
200,24000,1000,6,0.1103,0.059,1.87,0.3117
200,12000,1000,2,0.1103,0.1433,0.77,0.385
200,24000,1000,4,0.1103,0.1013,1.09,0.2725
200,30000,1000,5,0.1103,0.0919,1.2,0.24
200,36000,1000,6,0.1103,0.0842,1.31,0.2183
200,4000,1000,2,0.161,0.0488,3.3,1.65
200,8000,1000,4,0.161,0.0352,4.57,1.1425
200,10000,1000,5,0.161,0.0316,5.09,1.018
200,12000,1000,6,0.161,0.0294,5.48,0.9133
200,8000,1000,2,0.161,0.0969,1.66,0.83
200,16000,1000,4,0.161,0.0691,2.33,0.5825
200,20000,1000,5,0.161,0.0635,2.54,0.508
200,24000,1000,6,0.161,0.059,2.73,0.455
200,12000,1000,2,0.161,0.1433,1.12,0.56
200,24000,1000,4,0.161,0.1013,1.59,0.3975
200,30000,1000,5,0.161,0.0919,1.75,0.35
200,36000,1000,6,0.161,0.0842,1.91,0.3183
200,4000,1000,2,0.161,0.0488,3.3,1.65
200,8000,1000,4,0.161,0.0352,4.57,1.1425
200,10000,1000,5,0.161,0.0316,5.09,1.018
200,12000,1000,6,0.161,0.0294,5.48,0.9133
200,8000,1000,2,0.161,0.0969,1.66,0.83
200,16000,1000,4,0.161,0.0691,2.33,0.5825
200,20000,1000,5,0.161,0.0635,2.54,0.508
200,24000,1000,6,0.161,0.059,2.73,0.455
200,12000,1000,2,0.161,0.1433,1.12,0.56
200,24000,1000,4,0.161,0.1013,1.59,0.3975
200,30000,1000,5,0.161,0.0919,1.75,0.35
200,36000,1000,6,0.161,0.0842,1.91,0.3183
200,4000,1000,2,0.161,0.0488,3.3,1.65
200,8000,1000,4,0.161,0.0352,4.57,1.1425
200,10000,1000,5,0.161,0.0316,5.09,1.018
200,12000,1000,6,0.161,0.0294,5.48,0.9133
200,8000,1000,2,0.161,0.0969,1.66,0.83
200,16000,1000,4,0.161,0.0691,2.33,0.5825
200,20000,1000,5,0.161,0.0635,2.54,0.508
200,24000,1000,6,0.161,0.059,2.73,0.455
200,12000,1000,2,0.161,0.1433,1.12,0.56
200,24000,1000,4,0.161,0.1013,1.59,0.3975
200,30000,1000,5,0.161,0.0919,1.75,0.35
200,36000,1000,6,0.161,0.0842,1.91,0.3183
200,4000,1000,2,0.161,0.0488,3.3,1.65
200,8000,1000,4,0.161,0.0352,4.57,1.1425
200,10000,1000,5,0.161,0.0316,5.09,1.018
200,12000,1000,6,0.161,0.0294,5.48,0.9133
200,8000,1000,2,0.161,0.0969,1.66,0.83
200,16000,1000,4,0.161,0.0691,2.33,0.5825
200,20000,1000,5,0.161,0.0635,2.54,0.508
200,24000,1000,6,0.161,0.059,2.73,0.455
200,12000,1000,2,0.161,0.1433,1.12,0.56
200,24000,1000,4,0.161,0.1013,1.59,0.3975
200,30000,1000,5,0.161,0.0919,1.75,0.35
200,36000,1000,6,0.161,0.0842,1.91,0.3183
200,4000,10000,2,0.3456,0.3216,1.07,0.535
200,8000,10000,4,0.3456,0.2411,1.43,0.3575
200,10000,10000,5,0.3456,0.2132,1.62,0.324
200,12000,10000,6,0.3456,0.2049,1.69,0.2817
200,8000,10000,2,0.3456,0.4119,0.84,0.42
200,16000,10000,4,0.3456,0.3353,1.03,0.2575
200,20000,10000,5,0.3456,0.2985,1.16,0.232
200,24000,10000,6,0.3456,0.2913,1.19,0.1983
200,12000,10000,2,0.3456,0.4361,0.79,0.395
200,24000,10000,4,0.3456,0.3537,0.98,0.245
200,30000,10000,5,0.3456,0.3368,1.03,0.206
200,36000,10000,6,0.3456,0.3269,1.06,0.1767
200,4000,10000,2,0.3456,0.3216,1.07,0.535
200,8000,10000,4,0.3456,0.2411,1.43,0.3575
200,10000,10000,5,0.3456,0.2132,1.62,0.324
200,12000,10000,6,0.3456,0.2049,1.69,0.2817
200,8000,10000,2,0.3456,0.4119,0.84,0.42
200,16000,10000,4,0.3456,0.3353,1.03,0.2575
200,20000,10000,5,0.3456,0.2985,1.16,0.232
200,24000,10000,6,0.3456,0.2913,1.19,0.1983
200,12000,10000,2,0.3456,0.4361,0.79,0.395
200,24000,10000,4,0.3456,0.3537,0.98,0.245
200,30000,10000,5,0.3456,0.3368,1.03,0.206
200,36000,10000,6,0.3456,0.3269,1.06,0.1767
200,4000,10000,2,0.3456,0.3216,1.07,0.535
200,8000,10000,4,0.3456,0.2411,1.43,0.3575
200,10000,10000,5,0.3456,0.2132,1.62,0.324
200,12000,10000,6,0.3456,0.2049,1.69,0.2817
200,8000,10000,2,0.3456,0.4119,0.84,0.42
200,16000,10000,4,0.3456,0.3353,1.03,0.2575
200,20000,10000,5,0.3456,0.2985,1.16,0.232
200,24000,10000,6,0.3456,0.2913,1.19,0.1983
200,12000,10000,2,0.3456,0.4361,0.79,0.395
200,24000,10000,4,0.3456,0.3537,0.98,0.245
200,30000,10000,5,0.3456,0.3368,1.03,0.206
200,36000,10000,6,0.3456,0.3269,1.06,0.1767
200,4000,10000,2,0.3456,0.3216,1.07,0.535
200,8000,10000,4,0.3456,0.2411,1.43,0.3575
200,10000,10000,5,0.3456,0.2132,1.62,0.324
200,12000,10000,6,0.3456,0.2049,1.69,0.2817
200,8000,10000,2,0.3456,0.4119,0.84,0.42
200,16000,10000,4,0.3456,0.3353,1.03,0.2575
200,20000,10000,5,0.3456,0.2985,1.16,0.232
200,24000,10000,6,0.3456,0.2913,1.19,0.1983
200,12000,10000,2,0.3456,0.4361,0.79,0.395
200,24000,10000,4,0.3456,0.3537,0.98,0.245
200,30000,10000,5,0.3456,0.3368,1.03,0.206
200,36000,10000,6,0.3456,0.3269,1.06,0.1767
200,4000,10000,2,0.4514,0.3216,1.4,0.7
200,8000,10000,4,0.4514,0.2411,1.87,0.4675
200,10000,10000,5,0.4514,0.2132,2.12,0.424
200,12000,10000,6,0.4514,0.2049,2.2,0.3667
200,8000,10000,2,0.4514,0.4119,1.1,0.55
200,16000,10000,4,0.4514,0.3353,1.35,0.3375
200,20000,10000,5,0.4514,0.2985,1.51,0.302
200,24000,10000,6,0.4514,0.2913,1.55,0.2583
200,12000,10000,2,0.4514,0.4361,1.04,0.52
200,24000,10000,4,0.4514,0.3537,1.28,0.32
200,30000,10000,5,0.4514,0.3368,1.34,0.268
200,36000,10000,6,0.4514,0.3269,1.38,0.23
200,4000,10000,2,0.4514,0.3216,1.4,0.7
200,8000,10000,4,0.4514,0.2411,1.87,0.4675
200,10000,10000,5,0.4514,0.2132,2.12,0.424
200,12000,10000,6,0.4514,0.2049,2.2,0.3667
200,8000,10000,2,0.4514,0.4119,1.1,0.55
200,16000,10000,4,0.4514,0.3353,1.35,0.3375
200,20000,10000,5,0.4514,0.2985,1.51,0.302
200,24000,10000,6,0.4514,0.2913,1.55,0.2583
200,12000,10000,2,0.4514,0.4361,1.04,0.52
200,24000,10000,4,0.4514,0.3537,1.28,0.32
200,30000,10000,5,0.4514,0.3368,1.34,0.268
200,36000,10000,6,0.4514,0.3269,1.38,0.23
200,4000,10000,2,0.4514,0.3216,1.4,0.7
200,8000,10000,4,0.4514,0.2411,1.87,0.4675
200,10000,10000,5,0.4514,0.2132,2.12,0.424
200,12000,10000,6,0.4514,0.2049,2.2,0.3667
200,8000,10000,2,0.4514,0.4119,1.1,0.55
200,16000,10000,4,0.4514,0.3353,1.35,0.3375
200,20000,10000,5,0.4514,0.2985,1.51,0.302
200,24000,10000,6,0.4514,0.2913,1.55,0.2583
200,12000,10000,2,0.4514,0.4361,1.04,0.52
200,24000,10000,4,0.4514,0.3537,1.28,0.32
200,30000,10000,5,0.4514,0.3368,1.34,0.268
200,36000,10000,6,0.4514,0.3269,1.38,0.23
200,4000,10000,2,0.4514,0.3216,1.4,0.7
200,8000,10000,4,0.4514,0.2411,1.87,0.4675
200,10000,10000,5,0.4514,0.2132,2.12,0.424
200,12000,10000,6,0.4514,0.2049,2.2,0.3667
200,8000,10000,2,0.4514,0.4119,1.1,0.55
200,16000,10000,4,0.4514,0.3353,1.35,0.3375
200,20000,10000,5,0.4514,0.2985,1.51,0.302
200,24000,10000,6,0.4514,0.2913,1.55,0.2583
200,12000,10000,2,0.4514,0.4361,1.04,0.52
200,24000,10000,4,0.4514,0.3537,1.28,0.32
200,30000,10000,5,0.4514,0.3368,1.34,0.268
200,36000,10000,6,0.4514,0.3269,1.38,0.23
200,4000,10000,2,0.4771,0.3216,1.48,0.74
200,8000,10000,4,0.4771,0.2411,1.98,0.495
200,10000,10000,5,0.4771,0.2132,2.24,0.448
200,12000,10000,6,0.4771,0.2049,2.33,0.3883
200,8000,10000,2,0.4771,0.4119,1.16,0.58
200,16000,10000,4,0.4771,0.3353,1.42,0.355
200,20000,10000,5,0.4771,0.2985,1.6,0.32
200,24000,10000,6,0.4771,0.2913,1.64,0.2733
200,12000,10000,2,0.4771,0.4361,1.09,0.545
200,24000,10000,4,0.4771,0.3537,1.35,0.3375
200,30000,10000,5,0.4771,0.3368,1.42,0.284
200,36000,10000,6,0.4771,0.3269,1.46,0.2433
200,4000,10000,2,0.4771,0.3216,1.48,0.74
200,8000,10000,4,0.4771,0.2411,1.98,0.495
200,10000,10000,5,0.4771,0.2132,2.24,0.448
200,12000,10000,6,0.4771,0.2049,2.33,0.3883
200,8000,10000,2,0.4771,0.4119,1.16,0.58
200,16000,10000,4,0.4771,0.3353,1.42,0.355
200,20000,10000,5,0.4771,0.2985,1.6,0.32
200,24000,10000,6,0.4771,0.2913,1.64,0.2733
200,12000,10000,2,0.4771,0.4361,1.09,0.545
200,24000,10000,4,0.4771,0.3537,1.35,0.3375
200,30000,10000,5,0.4771,0.3368,1.42,0.284
200,36000,10000,6,0.4771,0.3269,1.46,0.2433
200,4000,10000,2,0.4771,0.3216,1.48,0.74
200,8000,10000,4,0.4771,0.2411,1.98,0.495
200,10000,10000,5,0.4771,0.2132,2.24,0.448
200,12000,10000,6,0.4771,0.2049,2.33,0.3883
200,8000,10000,2,0.4771,0.4119,1.16,0.58
200,16000,10000,4,0.4771,0.3353,1.42,0.355
200,20000,10000,5,0.4771,0.2985,1.6,0.32
200,24000,10000,6,0.4771,0.2913,1.64,0.2733
200,12000,10000,2,0.4771,0.4361,1.09,0.545
200,24000,10000,4,0.4771,0.3537,1.35,0.3375
200,30000,10000,5,0.4771,0.3368,1.42,0.284
200,36000,10000,6,0.4771,0.3269,1.46,0.2433
200,4000,10000,2,0.4771,0.3216,1.48,0.74
200,8000,10000,4,0.4771,0.2411,1.98,0.495
200,10000,10000,5,0.4771,0.2132,2.24,0.448
200,12000,10000,6,0.4771,0.2049,2.33,0.3883
200,8000,10000,2,0.4771,0.4119,1.16,0.58
200,16000,10000,4,0.4771,0.3353,1.42,0.355
200,20000,10000,5,0.4771,0.2985,1.6,0.32
200,24000,10000,6,0.4771,0.2913,1.64,0.2733
200,12000,10000,2,0.4771,0.4361,1.09,0.545
200,24000,10000,4,0.4771,0.3537,1.35,0.3375
200,30000,10000,5,0.4771,0.3368,1.42,0.284
200,36000,10000,6,0.4771,0.3269,1.46,0.2433
200,4000,100000,2,0.4789,0.4089,1.17,0.585
200,8000,100000,4,0.4789,0.3178,1.51,0.3775
200,10000,100000,5,0.4789,0.2993,1.6,0.32
200,12000,100000,6,0.4789,0.2934,1.63,0.2717
200,8000,100000,2,0.4789,0.4416,1.08,0.54
200,16000,100000,4,0.4789,0.3617,1.32,0.33
200,20000,100000,5,0.4789,0.3463,1.38,0.276
200,24000,100000,6,0.4789,0.3324,1.44,0.24
200,12000,100000,2,0.4789,0.4883,0.98,0.49
200,24000,100000,4,0.4789,0.3864,1.24,0.31
200,30000,100000,5,0.4789,0.3688,1.3,0.26
200,36000,100000,6,0.4789,0.3562,1.34,0.2233
200,4000,100000,2,0.4789,0.4089,1.17,0.585
200,8000,100000,4,0.4789,0.3178,1.51,0.3775
200,10000,100000,5,0.4789,0.2993,1.6,0.32
200,12000,100000,6,0.4789,0.2934,1.63,0.2717
200,8000,100000,2,0.4789,0.4416,1.08,0.54
200,16000,100000,4,0.4789,0.3617,1.32,0.33
200,20000,100000,5,0.4789,0.3463,1.38,0.276
200,24000,100000,6,0.4789,0.3324,1.44,0.24
200,12000,100000,2,0.4789,0.4883,0.98,0.49
200,24000,100000,4,0.4789,0.3864,1.24,0.31
200,30000,100000,5,0.4789,0.3688,1.3,0.26
200,36000,100000,6,0.4789,0.3562,1.34,0.2233
200,4000,100000,2,0.4789,0.4089,1.17,0.585
200,8000,100000,4,0.4789,0.3178,1.51,0.3775
200,10000,100000,5,0.4789,0.2993,1.6,0.32
200,12000,100000,6,0.4789,0.2934,1.63,0.2717
200,8000,100000,2,0.4789,0.4416,1.08,0.54
200,16000,100000,4,0.4789,0.3617,1.32,0.33
200,20000,100000,5,0.4789,0.3463,1.38,0.276
200,24000,100000,6,0.4789,0.3324,1.44,0.24
200,12000,100000,2,0.4789,0.4883,0.98,0.49
200,24000,100000,4,0.4789,0.3864,1.24,0.31
200,30000,100000,5,0.4789,0.3688,1.3,0.26
200,36000,100000,6,0.4789,0.3562,1.34,0.2233
200,4000,100000,2,0.4789,0.4089,1.17,0.585
200,8000,100000,4,0.4789,0.3178,1.51,0.3775
200,10000,100000,5,0.4789,0.2993,1.6,0.32
200,12000,100000,6,0.4789,0.2934,1.63,0.2717
200,8000,100000,2,0.4789,0.4416,1.08,0.54
200,16000,100000,4,0.4789,0.3617,1.32,0.33
200,20000,100000,5,0.4789,0.3463,1.38,0.276
200,24000,100000,6,0.4789,0.3324,1.44,0.24
200,12000,100000,2,0.4789,0.4883,0.98,0.49
200,24000,100000,4,0.4789,0.3864,1.24,0.31
200,30000,100000,5,0.4789,0.3688,1.3,0.26
200,36000,100000,6,0.4789,0.3562,1.34,0.2233
200,4000,100000,2,0.5393,0.4089,1.32,0.66
200,8000,100000,4,0.5393,0.3178,1.7,0.425
200,10000,100000,5,0.5393,0.2993,1.8,0.36
200,12000,100000,6,0.5393,0.2934,1.84,0.3067
200,8000,100000,2,0.5393,0.4416,1.22,0.61
200,16000,100000,4,0.5393,0.3617,1.49,0.3725
200,20000,100000,5,0.5393,0.3463,1.56,0.312
200,24000,100000,6,0.5393,0.3324,1.62,0.27
200,12000,100000,2,0.5393,0.4883,1.1,0.55
200,24000,100000,4,0.5393,0.3864,1.4,0.35
200,30000,100000,5,0.5393,0.3688,1.46,0.292
200,36000,100000,6,0.5393,0.3562,1.51,0.2517
200,4000,100000,2,0.5393,0.4089,1.32,0.66
200,8000,100000,4,0.5393,0.3178,1.7,0.425
200,10000,100000,5,0.5393,0.2993,1.8,0.36
200,12000,100000,6,0.5393,0.2934,1.84,0.3067
200,8000,100000,2,0.5393,0.4416,1.22,0.61
200,16000,100000,4,0.5393,0.3617,1.49,0.3725
200,20000,100000,5,0.5393,0.3463,1.56,0.312
200,24000,100000,6,0.5393,0.3324,1.62,0.27
200,12000,100000,2,0.5393,0.4883,1.1,0.55
200,24000,100000,4,0.5393,0.3864,1.4,0.35
200,30000,100000,5,0.5393,0.3688,1.46,0.292
200,36000,100000,6,0.5393,0.3562,1.51,0.2517
200,4000,100000,2,0.5393,0.4089,1.32,0.66
200,8000,100000,4,0.5393,0.3178,1.7,0.425
200,10000,100000,5,0.5393,0.2993,1.8,0.36
200,12000,100000,6,0.5393,0.2934,1.84,0.3067
200,8000,100000,2,0.5393,0.4416,1.22,0.61
200,16000,100000,4,0.5393,0.3617,1.49,0.3725
200,20000,100000,5,0.5393,0.3463,1.56,0.312
200,24000,100000,6,0.5393,0.3324,1.62,0.27
200,12000,100000,2,0.5393,0.4883,1.1,0.55
200,24000,100000,4,0.5393,0.3864,1.4,0.35
200,30000,100000,5,0.5393,0.3688,1.46,0.292
200,36000,100000,6,0.5393,0.3562,1.51,0.2517
200,4000,100000,2,0.5393,0.4089,1.32,0.66
200,8000,100000,4,0.5393,0.3178,1.7,0.425
200,10000,100000,5,0.5393,0.2993,1.8,0.36
200,12000,100000,6,0.5393,0.2934,1.84,0.3067
200,8000,100000,2,0.5393,0.4416,1.22,0.61
200,16000,100000,4,0.5393,0.3617,1.49,0.3725
200,20000,100000,5,0.5393,0.3463,1.56,0.312
200,24000,100000,6,0.5393,0.3324,1.62,0.27
200,12000,100000,2,0.5393,0.4883,1.1,0.55
200,24000,100000,4,0.5393,0.3864,1.4,0.35
200,30000,100000,5,0.5393,0.3688,1.46,0.292
200,36000,100000,6,0.5393,0.3562,1.51,0.2517
200,4000,100000,2,0.5514,0.4089,1.35,0.675
200,8000,100000,4,0.5514,0.3178,1.74,0.435
200,10000,100000,5,0.5514,0.2993,1.84,0.368
200,12000,100000,6,0.5514,0.2934,1.88,0.3133
200,8000,100000,2,0.5514,0.4416,1.25,0.625
200,16000,100000,4,0.5514,0.3617,1.52,0.38
200,20000,100000,5,0.5514,0.3463,1.59,0.318
200,24000,100000,6,0.5514,0.3324,1.66,0.2767
200,12000,100000,2,0.5514,0.4883,1.13,0.565
200,24000,100000,4,0.5514,0.3864,1.43,0.3575
200,30000,100000,5,0.5514,0.3688,1.5,0.3
200,36000,100000,6,0.5514,0.3562,1.55,0.2583
200,4000,100000,2,0.5514,0.4089,1.35,0.675
200,8000,100000,4,0.5514,0.3178,1.74,0.435
200,10000,100000,5,0.5514,0.2993,1.84,0.368
200,12000,100000,6,0.5514,0.2934,1.88,0.3133
200,8000,100000,2,0.5514,0.4416,1.25,0.625
200,16000,100000,4,0.5514,0.3617,1.52,0.38
200,20000,100000,5,0.5514,0.3463,1.59,0.318
200,24000,100000,6,0.5514,0.3324,1.66,0.2767
200,12000,100000,2,0.5514,0.4883,1.13,0.565
200,24000,100000,4,0.5514,0.3864,1.43,0.3575
200,30000,100000,5,0.5514,0.3688,1.5,0.3
200,36000,100000,6,0.5514,0.3562,1.55,0.2583
200,4000,100000,2,0.5514,0.4089,1.35,0.675
200,8000,100000,4,0.5514,0.3178,1.74,0.435
200,10000,100000,5,0.5514,0.2993,1.84,0.368
200,12000,100000,6,0.5514,0.2934,1.88,0.3133
200,8000,100000,2,0.5514,0.4416,1.25,0.625
200,16000,100000,4,0.5514,0.3617,1.52,0.38
200,20000,100000,5,0.5514,0.3463,1.59,0.318
200,24000,100000,6,0.5514,0.3324,1.66,0.2767
200,12000,100000,2,0.5514,0.4883,1.13,0.565
200,24000,100000,4,0.5514,0.3864,1.43,0.3575
200,30000,100000,5,0.5514,0.3688,1.5,0.3
200,36000,100000,6,0.5514,0.3562,1.55,0.2583
200,4000,100000,2,0.5514,0.4089,1.35,0.675
200,8000,100000,4,0.5514,0.3178,1.74,0.435
200,10000,100000,5,0.5514,0.2993,1.84,0.368
200,12000,100000,6,0.5514,0.2934,1.88,0.3133
200,8000,100000,2,0.5514,0.4416,1.25,0.625
200,16000,100000,4,0.5514,0.3617,1.52,0.38
200,20000,100000,5,0.5514,0.3463,1.59,0.318
200,24000,100000,6,0.5514,0.3324,1.66,0.2767
200,12000,100000,2,0.5514,0.4883,1.13,0.565
200,24000,100000,4,0.5514,0.3864,1.43,0.3575
200,30000,100000,5,0.5514,0.3688,1.5,0.3
200,36000,100000,6,0.5514,0.3562,1.55,0.2583
400,16000,1000,2,0.2296,0.1992,1.15,0.575
400,32000,1000,4,0.2296,0.1429,1.61,0.4025
400,40000,1000,5,0.2296,0.1222,1.88,0.376
400,48000,1000,6,0.2296,0.1242,1.85,0.3083
400,32000,1000,2,0.2296,0.3999,0.57,0.285
400,64000,1000,4,0.2296,0.2732,0.84,0.21
400,80000,1000,5,0.2296,0.2523,0.91,0.182
400,96000,1000,6,0.2296,0.2369,0.97,0.1617
400,48000,1000,2,0.2296,0.5993,0.38,0.19
400,96000,1000,4,0.2296,0.4148,0.55,0.1375
400,120000,1000,5,0.2296,0.3703,0.62,0.124
400,144000,1000,6,0.2296,0.341,0.67,0.1117
400,16000,1000,2,0.2296,0.1992,1.15,0.575
400,32000,1000,4,0.2296,0.1429,1.61,0.4025
400,40000,1000,5,0.2296,0.1222,1.88,0.376
400,48000,1000,6,0.2296,0.1242,1.85,0.3083
400,32000,1000,2,0.2296,0.3999,0.57,0.285
400,64000,1000,4,0.2296,0.2732,0.84,0.21
400,80000,1000,5,0.2296,0.2523,0.91,0.182
400,96000,1000,6,0.2296,0.2369,0.97,0.1617
400,48000,1000,2,0.2296,0.5993,0.38,0.19
400,96000,1000,4,0.2296,0.4148,0.55,0.1375
400,120000,1000,5,0.2296,0.3703,0.62,0.124
400,144000,1000,6,0.2296,0.341,0.67,0.1117
400,16000,1000,2,0.2296,0.1992,1.15,0.575
400,32000,1000,4,0.2296,0.1429,1.61,0.4025
400,40000,1000,5,0.2296,0.1222,1.88,0.376
400,48000,1000,6,0.2296,0.1242,1.85,0.3083
400,32000,1000,2,0.2296,0.3999,0.57,0.285
400,64000,1000,4,0.2296,0.2732,0.84,0.21
400,80000,1000,5,0.2296,0.2523,0.91,0.182
400,96000,1000,6,0.2296,0.2369,0.97,0.1617
400,48000,1000,2,0.2296,0.5993,0.38,0.19
400,96000,1000,4,0.2296,0.4148,0.55,0.1375
400,120000,1000,5,0.2296,0.3703,0.62,0.124
400,144000,1000,6,0.2296,0.341,0.67,0.1117
400,16000,1000,2,0.2296,0.1992,1.15,0.575
400,32000,1000,4,0.2296,0.1429,1.61,0.4025
400,40000,1000,5,0.2296,0.1222,1.88,0.376
400,48000,1000,6,0.2296,0.1242,1.85,0.3083
400,32000,1000,2,0.2296,0.3999,0.57,0.285
400,64000,1000,4,0.2296,0.2732,0.84,0.21
400,80000,1000,5,0.2296,0.2523,0.91,0.182
400,96000,1000,6,0.2296,0.2369,0.97,0.1617
400,48000,1000,2,0.2296,0.5993,0.38,0.19
400,96000,1000,4,0.2296,0.4148,0.55,0.1375
400,120000,1000,5,0.2296,0.3703,0.62,0.124
400,144000,1000,6,0.2296,0.341,0.67,0.1117
400,16000,1000,2,0.4573,0.1992,2.3,1.15
400,32000,1000,4,0.4573,0.1429,3.2,0.8
400,40000,1000,5,0.4573,0.1222,3.74,0.748
400,48000,1000,6,0.4573,0.1242,3.68,0.6133
400,32000,1000,2,0.4573,0.3999,1.14,0.57
400,64000,1000,4,0.4573,0.2732,1.67,0.4175
400,80000,1000,5,0.4573,0.2523,1.81,0.362
400,96000,1000,6,0.4573,0.2369,1.93,0.3217
400,48000,1000,2,0.4573,0.5993,0.76,0.38
400,96000,1000,4,0.4573,0.4148,1.1,0.275
400,120000,1000,5,0.4573,0.3703,1.23,0.246
400,144000,1000,6,0.4573,0.341,1.34,0.2233
400,16000,1000,2,0.4573,0.1992,2.3,1.15
400,32000,1000,4,0.4573,0.1429,3.2,0.8
400,40000,1000,5,0.4573,0.1222,3.74,0.748
400,48000,1000,6,0.4573,0.1242,3.68,0.6133
400,32000,1000,2,0.4573,0.3999,1.14,0.57
400,64000,1000,4,0.4573,0.2732,1.67,0.4175
400,80000,1000,5,0.4573,0.2523,1.81,0.362
400,96000,1000,6,0.4573,0.2369,1.93,0.3217
400,48000,1000,2,0.4573,0.5993,0.76,0.38
400,96000,1000,4,0.4573,0.4148,1.1,0.275
400,120000,1000,5,0.4573,0.3703,1.23,0.246
400,144000,1000,6,0.4573,0.341,1.34,0.2233
400,16000,1000,2,0.4573,0.1992,2.3,1.15
400,32000,1000,4,0.4573,0.1429,3.2,0.8
400,40000,1000,5,0.4573,0.1222,3.74,0.748
400,48000,1000,6,0.4573,0.1242,3.68,0.6133
400,32000,1000,2,0.4573,0.3999,1.14,0.57
400,64000,1000,4,0.4573,0.2732,1.67,0.4175
400,80000,1000,5,0.4573,0.2523,1.81,0.362
400,96000,1000,6,0.4573,0.2369,1.93,0.3217
400,48000,1000,2,0.4573,0.5993,0.76,0.38
400,96000,1000,4,0.4573,0.4148,1.1,0.275
400,120000,1000,5,0.4573,0.3703,1.23,0.246
400,144000,1000,6,0.4573,0.341,1.34,0.2233
400,16000,1000,2,0.4573,0.1992,2.3,1.15
400,32000,1000,4,0.4573,0.1429,3.2,0.8
400,40000,1000,5,0.4573,0.1222,3.74,0.748
400,48000,1000,6,0.4573,0.1242,3.68,0.6133
400,32000,1000,2,0.4573,0.3999,1.14,0.57
400,64000,1000,4,0.4573,0.2732,1.67,0.4175
400,80000,1000,5,0.4573,0.2523,1.81,0.362
400,96000,1000,6,0.4573,0.2369,1.93,0.3217
400,48000,1000,2,0.4573,0.5993,0.76,0.38
400,96000,1000,4,0.4573,0.4148,1.1,0.275
400,120000,1000,5,0.4573,0.3703,1.23,0.246
400,144000,1000,6,0.4573,0.341,1.34,0.2233
400,16000,1000,2,0.6815,0.1992,3.42,1.71
400,32000,1000,4,0.6815,0.1429,4.77,1.1925
400,40000,1000,5,0.6815,0.1222,5.58,1.116
400,48000,1000,6,0.6815,0.1242,5.49,0.915
400,32000,1000,2,0.6815,0.3999,1.7,0.85
400,64000,1000,4,0.6815,0.2732,2.49,0.6225
400,80000,1000,5,0.6815,0.2523,2.7,0.54
400,96000,1000,6,0.6815,0.2369,2.88,0.48
400,48000,1000,2,0.6815,0.5993,1.14,0.57
400,96000,1000,4,0.6815,0.4148,1.64,0.41
400,120000,1000,5,0.6815,0.3703,1.84,0.368
400,144000,1000,6,0.6815,0.341,2.0,0.3333
400,16000,1000,2,0.6815,0.1992,3.42,1.71
400,32000,1000,4,0.6815,0.1429,4.77,1.1925
400,40000,1000,5,0.6815,0.1222,5.58,1.116
400,48000,1000,6,0.6815,0.1242,5.49,0.915
400,32000,1000,2,0.6815,0.3999,1.7,0.85
400,64000,1000,4,0.6815,0.2732,2.49,0.6225
400,80000,1000,5,0.6815,0.2523,2.7,0.54
400,96000,1000,6,0.6815,0.2369,2.88,0.48
400,48000,1000,2,0.6815,0.5993,1.14,0.57
400,96000,1000,4,0.6815,0.4148,1.64,0.41
400,120000,1000,5,0.6815,0.3703,1.84,0.368
400,144000,1000,6,0.6815,0.341,2.0,0.3333
400,16000,1000,2,0.6815,0.1992,3.42,1.71
400,32000,1000,4,0.6815,0.1429,4.77,1.1925
400,40000,1000,5,0.6815,0.1222,5.58,1.116
400,48000,1000,6,0.6815,0.1242,5.49,0.915
400,32000,1000,2,0.6815,0.3999,1.7,0.85
400,64000,1000,4,0.6815,0.2732,2.49,0.6225
400,80000,1000,5,0.6815,0.2523,2.7,0.54
400,96000,1000,6,0.6815,0.2369,2.88,0.48
400,48000,1000,2,0.6815,0.5993,1.14,0.57
400,96000,1000,4,0.6815,0.4148,1.64,0.41
400,120000,1000,5,0.6815,0.3703,1.84,0.368
400,144000,1000,6,0.6815,0.341,2.0,0.3333
400,16000,1000,2,0.6815,0.1992,3.42,1.71
400,32000,1000,4,0.6815,0.1429,4.77,1.1925
400,40000,1000,5,0.6815,0.1222,5.58,1.116
400,48000,1000,6,0.6815,0.1242,5.49,0.915
400,32000,1000,2,0.6815,0.3999,1.7,0.85
400,64000,1000,4,0.6815,0.2732,2.49,0.6225
400,80000,1000,5,0.6815,0.2523,2.7,0.54
400,96000,1000,6,0.6815,0.2369,2.88,0.48
400,48000,1000,2,0.6815,0.5993,1.14,0.57
400,96000,1000,4,0.6815,0.4148,1.64,0.41
400,120000,1000,5,0.6815,0.3703,1.84,0.368
400,144000,1000,6,0.6815,0.341,2.0,0.3333
400,16000,10000,2,2.0895,1.858,1.12,0.56
400,32000,10000,4,2.0895,1.29,1.62,0.405
400,40000,10000,5,2.0895,1.1473,1.82,0.364
400,48000,10000,6,2.0895,1.0478,1.99,0.3317
400,32000,10000,2,2.0895,3.3678,0.62,0.31
400,64000,10000,4,2.0895,2.3936,0.87,0.2175
400,80000,10000,5,2.0895,2.0989,1.0,0.2
400,96000,10000,6,2.0895,1.9644,1.06,0.1767
400,48000,10000,2,2.0895,4.3641,0.48,0.24
400,96000,10000,4,2.0895,3.1942,0.65,0.1625
400,120000,10000,5,2.0895,2.8335,0.74,0.148
400,144000,10000,6,2.0895,2.6503,0.79,0.1317
400,16000,10000,2,2.0895,1.858,1.12,0.56
400,32000,10000,4,2.0895,1.29,1.62,0.405
400,40000,10000,5,2.0895,1.1473,1.82,0.364
400,48000,10000,6,2.0895,1.0478,1.99,0.3317
400,32000,10000,2,2.0895,3.3678,0.62,0.31
400,64000,10000,4,2.0895,2.3936,0.87,0.2175
400,80000,10000,5,2.0895,2.0989,1.0,0.2
400,96000,10000,6,2.0895,1.9644,1.06,0.1767
400,48000,10000,2,2.0895,4.3641,0.48,0.24
400,96000,10000,4,2.0895,3.1942,0.65,0.1625
400,120000,10000,5,2.0895,2.8335,0.74,0.148
400,144000,10000,6,2.0895,2.6503,0.79,0.1317
400,16000,10000,2,2.0895,1.858,1.12,0.56
400,32000,10000,4,2.0895,1.29,1.62,0.405
400,40000,10000,5,2.0895,1.1473,1.82,0.364
400,48000,10000,6,2.0895,1.0478,1.99,0.3317
400,32000,10000,2,2.0895,3.3678,0.62,0.31
400,64000,10000,4,2.0895,2.3936,0.87,0.2175
400,80000,10000,5,2.0895,2.0989,1.0,0.2
400,96000,10000,6,2.0895,1.9644,1.06,0.1767
400,48000,10000,2,2.0895,4.3641,0.48,0.24
400,96000,10000,4,2.0895,3.1942,0.65,0.1625
400,120000,10000,5,2.0895,2.8335,0.74,0.148
400,144000,10000,6,2.0895,2.6503,0.79,0.1317
400,16000,10000,2,2.0895,1.858,1.12,0.56
400,32000,10000,4,2.0895,1.29,1.62,0.405
400,40000,10000,5,2.0895,1.1473,1.82,0.364
400,48000,10000,6,2.0895,1.0478,1.99,0.3317
400,32000,10000,2,2.0895,3.3678,0.62,0.31
400,64000,10000,4,2.0895,2.3936,0.87,0.2175
400,80000,10000,5,2.0895,2.0989,1.0,0.2
400,96000,10000,6,2.0895,1.9644,1.06,0.1767
400,48000,10000,2,2.0895,4.3641,0.48,0.24
400,96000,10000,4,2.0895,3.1942,0.65,0.1625
400,120000,10000,5,2.0895,2.8335,0.74,0.148
400,144000,10000,6,2.0895,2.6503,0.79,0.1317
400,16000,10000,2,3.8084,1.858,2.05,1.025
400,32000,10000,4,3.8084,1.29,2.95,0.7375
400,40000,10000,5,3.8084,1.1473,3.32,0.664
400,48000,10000,6,3.8084,1.0478,3.63,0.605
400,32000,10000,2,3.8084,3.3678,1.13,0.565
400,64000,10000,4,3.8084,2.3936,1.59,0.3975
400,80000,10000,5,3.8084,2.0989,1.81,0.362
400,96000,10000,6,3.8084,1.9644,1.94,0.3233
400,48000,10000,2,3.8084,4.3641,0.87,0.435
400,96000,10000,4,3.8084,3.1942,1.19,0.2975
400,120000,10000,5,3.8084,2.8335,1.34,0.268
400,144000,10000,6,3.8084,2.6503,1.44,0.24
400,16000,10000,2,3.8084,1.858,2.05,1.025
400,32000,10000,4,3.8084,1.29,2.95,0.7375
400,40000,10000,5,3.8084,1.1473,3.32,0.664
400,48000,10000,6,3.8084,1.0478,3.63,0.605
400,32000,10000,2,3.8084,3.3678,1.13,0.565
400,64000,10000,4,3.8084,2.3936,1.59,0.3975
400,80000,10000,5,3.8084,2.0989,1.81,0.362
400,96000,10000,6,3.8084,1.9644,1.94,0.3233
400,48000,10000,2,3.8084,4.3641,0.87,0.435
400,96000,10000,4,3.8084,3.1942,1.19,0.2975
400,120000,10000,5,3.8084,2.8335,1.34,0.268
400,144000,10000,6,3.8084,2.6503,1.44,0.24
400,16000,10000,2,3.8084,1.858,2.05,1.025
400,32000,10000,4,3.8084,1.29,2.95,0.7375
400,40000,10000,5,3.8084,1.1473,3.32,0.664
400,48000,10000,6,3.8084,1.0478,3.63,0.605
400,32000,10000,2,3.8084,3.3678,1.13,0.565
400,64000,10000,4,3.8084,2.3936,1.59,0.3975
400,80000,10000,5,3.8084,2.0989,1.81,0.362
400,96000,10000,6,3.8084,1.9644,1.94,0.3233
400,48000,10000,2,3.8084,4.3641,0.87,0.435
400,96000,10000,4,3.8084,3.1942,1.19,0.2975
400,120000,10000,5,3.8084,2.8335,1.34,0.268
400,144000,10000,6,3.8084,2.6503,1.44,0.24
400,16000,10000,2,3.8084,1.858,2.05,1.025
400,32000,10000,4,3.8084,1.29,2.95,0.7375
400,40000,10000,5,3.8084,1.1473,3.32,0.664
400,48000,10000,6,3.8084,1.0478,3.63,0.605
400,32000,10000,2,3.8084,3.3678,1.13,0.565
400,64000,10000,4,3.8084,2.3936,1.59,0.3975
400,80000,10000,5,3.8084,2.0989,1.81,0.362
400,96000,10000,6,3.8084,1.9644,1.94,0.3233
400,48000,10000,2,3.8084,4.3641,0.87,0.435
400,96000,10000,4,3.8084,3.1942,1.19,0.2975
400,120000,10000,5,3.8084,2.8335,1.34,0.268
400,144000,10000,6,3.8084,2.6503,1.44,0.24
400,16000,10000,2,4.9766,1.858,2.68,1.34
400,32000,10000,4,4.9766,1.29,3.86,0.965
400,40000,10000,5,4.9766,1.1473,4.34,0.868
400,48000,10000,6,4.9766,1.0478,4.75,0.7917
400,32000,10000,2,4.9766,3.3678,1.48,0.74
400,64000,10000,4,4.9766,2.3936,2.08,0.52
400,80000,10000,5,4.9766,2.0989,2.37,0.474
400,96000,10000,6,4.9766,1.9644,2.53,0.4217
400,48000,10000,2,4.9766,4.3641,1.14,0.57
400,96000,10000,4,4.9766,3.1942,1.56,0.39
400,120000,10000,5,4.9766,2.8335,1.76,0.352
400,144000,10000,6,4.9766,2.6503,1.88,0.3133
400,16000,10000,2,4.9766,1.858,2.68,1.34
400,32000,10000,4,4.9766,1.29,3.86,0.965
400,40000,10000,5,4.9766,1.1473,4.34,0.868
400,48000,10000,6,4.9766,1.0478,4.75,0.7917
400,32000,10000,2,4.9766,3.3678,1.48,0.74
400,64000,10000,4,4.9766,2.3936,2.08,0.52
400,80000,10000,5,4.9766,2.0989,2.37,0.474
400,96000,10000,6,4.9766,1.9644,2.53,0.4217
400,48000,10000,2,4.9766,4.3641,1.14,0.57
400,96000,10000,4,4.9766,3.1942,1.56,0.39
400,120000,10000,5,4.9766,2.8335,1.76,0.352
400,144000,10000,6,4.9766,2.6503,1.88,0.3133
400,16000,10000,2,4.9766,1.858,2.68,1.34
400,32000,10000,4,4.9766,1.29,3.86,0.965
400,40000,10000,5,4.9766,1.1473,4.34,0.868
400,48000,10000,6,4.9766,1.0478,4.75,0.7917
400,32000,10000,2,4.9766,3.3678,1.48,0.74
400,64000,10000,4,4.9766,2.3936,2.08,0.52
400,80000,10000,5,4.9766,2.0989,2.37,0.474
400,96000,10000,6,4.9766,1.9644,2.53,0.4217
400,48000,10000,2,4.9766,4.3641,1.14,0.57
400,96000,10000,4,4.9766,3.1942,1.56,0.39
400,120000,10000,5,4.9766,2.8335,1.76,0.352
400,144000,10000,6,4.9766,2.6503,1.88,0.3133
400,16000,10000,2,4.9766,1.858,2.68,1.34
400,32000,10000,4,4.9766,1.29,3.86,0.965
400,40000,10000,5,4.9766,1.1473,4.34,0.868
400,48000,10000,6,4.9766,1.0478,4.75,0.7917
400,32000,10000,2,4.9766,3.3678,1.48,0.74
400,64000,10000,4,4.9766,2.3936,2.08,0.52
400,80000,10000,5,4.9766,2.0989,2.37,0.474
400,96000,10000,6,4.9766,1.9644,2.53,0.4217
400,48000,10000,2,4.9766,4.3641,1.14,0.57
400,96000,10000,4,4.9766,3.1942,1.56,0.39
400,120000,10000,5,4.9766,2.8335,1.76,0.352
400,144000,10000,6,4.9766,2.6503,1.88,0.3133
400,16000,100000,2,6.1117,5.5003,1.11,0.555
400,32000,100000,4,6.1117,4.0925,1.49,0.3725
400,40000,100000,5,6.1117,3.7412,1.63,0.326
400,48000,100000,6,6.1117,3.4915,1.75,0.2917
400,32000,100000,2,6.1117,6.0536,1.01,0.505
400,64000,100000,4,6.1117,4.7611,1.28,0.32
400,80000,100000,5,6.1117,4.2527,1.44,0.288
400,96000,100000,6,6.1117,3.9746,1.54,0.2567
400,48000,100000,2,6.1117,6.2087,0.98,0.49
400,96000,100000,4,6.1117,4.7535,1.29,0.3225
400,120000,100000,5,6.1117,4.3247,1.41,0.282
400,144000,100000,6,6.1117,4.0735,1.5,0.25
400,16000,100000,2,6.1117,5.5003,1.11,0.555
400,32000,100000,4,6.1117,4.0925,1.49,0.3725
400,40000,100000,5,6.1117,3.7412,1.63,0.326
400,48000,100000,6,6.1117,3.4915,1.75,0.2917
400,32000,100000,2,6.1117,6.0536,1.01,0.505
400,64000,100000,4,6.1117,4.7611,1.28,0.32
400,80000,100000,5,6.1117,4.2527,1.44,0.288
400,96000,100000,6,6.1117,3.9746,1.54,0.2567
400,48000,100000,2,6.1117,6.2087,0.98,0.49
400,96000,100000,4,6.1117,4.7535,1.29,0.3225
400,120000,100000,5,6.1117,4.3247,1.41,0.282
400,144000,100000,6,6.1117,4.0735,1.5,0.25
400,16000,100000,2,6.1117,5.5003,1.11,0.555
400,32000,100000,4,6.1117,4.0925,1.49,0.3725
400,40000,100000,5,6.1117,3.7412,1.63,0.326
400,48000,100000,6,6.1117,3.4915,1.75,0.2917
400,32000,100000,2,6.1117,6.0536,1.01,0.505
400,64000,100000,4,6.1117,4.7611,1.28,0.32
400,80000,100000,5,6.1117,4.2527,1.44,0.288
400,96000,100000,6,6.1117,3.9746,1.54,0.2567
400,48000,100000,2,6.1117,6.2087,0.98,0.49
400,96000,100000,4,6.1117,4.7535,1.29,0.3225
400,120000,100000,5,6.1117,4.3247,1.41,0.282
400,144000,100000,6,6.1117,4.0735,1.5,0.25
400,16000,100000,2,6.1117,5.5003,1.11,0.555
400,32000,100000,4,6.1117,4.0925,1.49,0.3725
400,40000,100000,5,6.1117,3.7412,1.63,0.326
400,48000,100000,6,6.1117,3.4915,1.75,0.2917
400,32000,100000,2,6.1117,6.0536,1.01,0.505
400,64000,100000,4,6.1117,4.7611,1.28,0.32
400,80000,100000,5,6.1117,4.2527,1.44,0.288
400,96000,100000,6,6.1117,3.9746,1.54,0.2567
400,48000,100000,2,6.1117,6.2087,0.98,0.49
400,96000,100000,4,6.1117,4.7535,1.29,0.3225
400,120000,100000,5,6.1117,4.3247,1.41,0.282
400,144000,100000,6,6.1117,4.0735,1.5,0.25
400,16000,100000,2,6.7694,5.5003,1.23,0.615
400,32000,100000,4,6.7694,4.0925,1.65,0.4125
400,40000,100000,5,6.7694,3.7412,1.81,0.362
400,48000,100000,6,6.7694,3.4915,1.94,0.3233
400,32000,100000,2,6.7694,6.0536,1.12,0.56
400,64000,100000,4,6.7694,4.7611,1.42,0.355
400,80000,100000,5,6.7694,4.2527,1.59,0.318
400,96000,100000,6,6.7694,3.9746,1.7,0.2833
400,48000,100000,2,6.7694,6.2087,1.09,0.545
400,96000,100000,4,6.7694,4.7535,1.42,0.355
400,120000,100000,5,6.7694,4.3247,1.57,0.314
400,144000,100000,6,6.7694,4.0735,1.66,0.2767
400,16000,100000,2,6.7694,5.5003,1.23,0.615
400,32000,100000,4,6.7694,4.0925,1.65,0.4125
400,40000,100000,5,6.7694,3.7412,1.81,0.362
400,48000,100000,6,6.7694,3.4915,1.94,0.3233
400,32000,100000,2,6.7694,6.0536,1.12,0.56
400,64000,100000,4,6.7694,4.7611,1.42,0.355
400,80000,100000,5,6.7694,4.2527,1.59,0.318
400,96000,100000,6,6.7694,3.9746,1.7,0.2833
400,48000,100000,2,6.7694,6.2087,1.09,0.545
400,96000,100000,4,6.7694,4.7535,1.42,0.355
400,120000,100000,5,6.7694,4.3247,1.57,0.314
400,144000,100000,6,6.7694,4.0735,1.66,0.2767
400,16000,100000,2,6.7694,5.5003,1.23,0.615
400,32000,100000,4,6.7694,4.0925,1.65,0.4125
400,40000,100000,5,6.7694,3.7412,1.81,0.362
400,48000,100000,6,6.7694,3.4915,1.94,0.3233
400,32000,100000,2,6.7694,6.0536,1.12,0.56
400,64000,100000,4,6.7694,4.7611,1.42,0.355
400,80000,100000,5,6.7694,4.2527,1.59,0.318
400,96000,100000,6,6.7694,3.9746,1.7,0.2833
400,48000,100000,2,6.7694,6.2087,1.09,0.545
400,96000,100000,4,6.7694,4.7535,1.42,0.355
400,120000,100000,5,6.7694,4.3247,1.57,0.314
400,144000,100000,6,6.7694,4.0735,1.66,0.2767
400,16000,100000,2,6.7694,5.5003,1.23,0.615
400,32000,100000,4,6.7694,4.0925,1.65,0.4125
400,40000,100000,5,6.7694,3.7412,1.81,0.362
400,48000,100000,6,6.7694,3.4915,1.94,0.3233
400,32000,100000,2,6.7694,6.0536,1.12,0.56
400,64000,100000,4,6.7694,4.7611,1.42,0.355
400,80000,100000,5,6.7694,4.2527,1.59,0.318
400,96000,100000,6,6.7694,3.9746,1.7,0.2833
400,48000,100000,2,6.7694,6.2087,1.09,0.545
400,96000,100000,4,6.7694,4.7535,1.42,0.355
400,120000,100000,5,6.7694,4.3247,1.57,0.314
400,144000,100000,6,6.7694,4.0735,1.66,0.2767
400,16000,100000,2,6.9073,5.5003,1.26,0.63
400,32000,100000,4,6.9073,4.0925,1.69,0.4225
400,40000,100000,5,6.9073,3.7412,1.85,0.37
400,48000,100000,6,6.9073,3.4915,1.98,0.33
400,32000,100000,2,6.9073,6.0536,1.14,0.57
400,64000,100000,4,6.9073,4.7611,1.45,0.3625
400,80000,100000,5,6.9073,4.2527,1.62,0.324
400,96000,100000,6,6.9073,3.9746,1.74,0.29
400,48000,100000,2,6.9073,6.2087,1.11,0.555
400,96000,100000,4,6.9073,4.7535,1.45,0.3625
400,120000,100000,5,6.9073,4.3247,1.6,0.32
400,144000,100000,6,6.9073,4.0735,1.7,0.2833
400,16000,100000,2,6.9073,5.5003,1.26,0.63
400,32000,100000,4,6.9073,4.0925,1.69,0.4225
400,40000,100000,5,6.9073,3.7412,1.85,0.37
400,48000,100000,6,6.9073,3.4915,1.98,0.33
400,32000,100000,2,6.9073,6.0536,1.14,0.57
400,64000,100000,4,6.9073,4.7611,1.45,0.3625
400,80000,100000,5,6.9073,4.2527,1.62,0.324
400,96000,100000,6,6.9073,3.9746,1.74,0.29
400,48000,100000,2,6.9073,6.2087,1.11,0.555
400,96000,100000,4,6.9073,4.7535,1.45,0.3625
400,120000,100000,5,6.9073,4.3247,1.6,0.32
400,144000,100000,6,6.9073,4.0735,1.7,0.2833
400,16000,100000,2,6.9073,5.5003,1.26,0.63
400,32000,100000,4,6.9073,4.0925,1.69,0.4225
400,40000,100000,5,6.9073,3.7412,1.85,0.37
400,48000,100000,6,6.9073,3.4915,1.98,0.33
400,32000,100000,2,6.9073,6.0536,1.14,0.57
400,64000,100000,4,6.9073,4.7611,1.45,0.3625
400,80000,100000,5,6.9073,4.2527,1.62,0.324
400,96000,100000,6,6.9073,3.9746,1.74,0.29
400,48000,100000,2,6.9073,6.2087,1.11,0.555
400,96000,100000,4,6.9073,4.7535,1.45,0.3625
400,120000,100000,5,6.9073,4.3247,1.6,0.32
400,144000,100000,6,6.9073,4.0735,1.7,0.2833
400,16000,100000,2,6.9073,5.5003,1.26,0.63
400,32000,100000,4,6.9073,4.0925,1.69,0.4225
400,40000,100000,5,6.9073,3.7412,1.85,0.37
400,48000,100000,6,6.9073,3.4915,1.98,0.33
400,32000,100000,2,6.9073,6.0536,1.14,0.57
400,64000,100000,4,6.9073,4.7611,1.45,0.3625
400,80000,100000,5,6.9073,4.2527,1.62,0.324
400,96000,100000,6,6.9073,3.9746,1.74,0.29
400,48000,100000,2,6.9073,6.2087,1.11,0.555
400,96000,100000,4,6.9073,4.7535,1.45,0.3625
400,120000,100000,5,6.9073,4.3247,1.6,0.32
400,144000,100000,6,6.9073,4.0735,1.7,0.2833
600,36000,1000,2,0.5213,0.4493,1.16,0.58
600,72000,1000,4,0.5213,0.3159,1.65,0.4125
600,90000,1000,5,0.5213,0.2834,1.84,0.368
600,108000,1000,6,0.5213,0.2546,2.05,0.3417
600,72000,1000,2,0.5213,0.9045,0.58,0.29
600,144000,1000,4,0.5213,0.6252,0.83,0.2075
600,180000,1000,5,0.5213,0.5799,0.9,0.18
600,216000,1000,6,0.5213,0.5085,1.03,0.1717
600,108000,1000,2,0.5213,1.36,0.38,0.19
600,216000,1000,4,0.5213,0.9583,0.54,0.135
600,270000,1000,5,0.5213,0.8502,0.61,0.122
600,324000,1000,6,0.5213,0.7839,0.67,0.1117
600,36000,1000,2,0.5213,0.4493,1.16,0.58
600,72000,1000,4,0.5213,0.3159,1.65,0.4125
600,90000,1000,5,0.5213,0.2834,1.84,0.368
600,108000,1000,6,0.5213,0.2546,2.05,0.3417
600,72000,1000,2,0.5213,0.9045,0.58,0.29
600,144000,1000,4,0.5213,0.6252,0.83,0.2075
600,180000,1000,5,0.5213,0.5799,0.9,0.18
600,216000,1000,6,0.5213,0.5085,1.03,0.1717
600,108000,1000,2,0.5213,1.36,0.38,0.19
600,216000,1000,4,0.5213,0.9583,0.54,0.135
600,270000,1000,5,0.5213,0.8502,0.61,0.122
600,324000,1000,6,0.5213,0.7839,0.67,0.1117
600,36000,1000,2,0.5213,0.4493,1.16,0.58
600,72000,1000,4,0.5213,0.3159,1.65,0.4125
600,90000,1000,5,0.5213,0.2834,1.84,0.368
600,108000,1000,6,0.5213,0.2546,2.05,0.3417
600,72000,1000,2,0.5213,0.9045,0.58,0.29
600,144000,1000,4,0.5213,0.6252,0.83,0.2075
600,180000,1000,5,0.5213,0.5799,0.9,0.18
600,216000,1000,6,0.5213,0.5085,1.03,0.1717
600,108000,1000,2,0.5213,1.36,0.38,0.19
600,216000,1000,4,0.5213,0.9583,0.54,0.135
600,270000,1000,5,0.5213,0.8502,0.61,0.122
600,324000,1000,6,0.5213,0.7839,0.67,0.1117
600,36000,1000,2,0.5213,0.4493,1.16,0.58
600,72000,1000,4,0.5213,0.3159,1.65,0.4125
600,90000,1000,5,0.5213,0.2834,1.84,0.368
600,108000,1000,6,0.5213,0.2546,2.05,0.3417
600,72000,1000,2,0.5213,0.9045,0.58,0.29
600,144000,1000,4,0.5213,0.6252,0.83,0.2075
600,180000,1000,5,0.5213,0.5799,0.9,0.18
600,216000,1000,6,0.5213,0.5085,1.03,0.1717
600,108000,1000,2,0.5213,1.36,0.38,0.19
600,216000,1000,4,0.5213,0.9583,0.54,0.135
600,270000,1000,5,0.5213,0.8502,0.61,0.122
600,324000,1000,6,0.5213,0.7839,0.67,0.1117
600,36000,1000,2,1.0399,0.4493,2.31,1.155
600,72000,1000,4,1.0399,0.3159,3.29,0.8225
600,90000,1000,5,1.0399,0.2834,3.67,0.734
600,108000,1000,6,1.0399,0.2546,4.08,0.68
600,72000,1000,2,1.0399,0.9045,1.15,0.575
600,144000,1000,4,1.0399,0.6252,1.66,0.415
600,180000,1000,5,1.0399,0.5799,1.79,0.358
600,216000,1000,6,1.0399,0.5085,2.05,0.3417
600,108000,1000,2,1.0399,1.36,0.76,0.38
600,216000,1000,4,1.0399,0.9583,1.09,0.2725
600,270000,1000,5,1.0399,0.8502,1.22,0.244
600,324000,1000,6,1.0399,0.7839,1.33,0.2217
600,36000,1000,2,1.0399,0.4493,2.31,1.155
600,72000,1000,4,1.0399,0.3159,3.29,0.8225
600,90000,1000,5,1.0399,0.2834,3.67,0.734
600,108000,1000,6,1.0399,0.2546,4.08,0.68
600,72000,1000,2,1.0399,0.9045,1.15,0.575
600,144000,1000,4,1.0399,0.6252,1.66,0.415
600,180000,1000,5,1.0399,0.5799,1.79,0.358
600,216000,1000,6,1.0399,0.5085,2.05,0.3417
600,108000,1000,2,1.0399,1.36,0.76,0.38
600,216000,1000,4,1.0399,0.9583,1.09,0.2725
600,270000,1000,5,1.0399,0.8502,1.22,0.244
600,324000,1000,6,1.0399,0.7839,1.33,0.2217
600,36000,1000,2,1.0399,0.4493,2.31,1.155
600,72000,1000,4,1.0399,0.3159,3.29,0.8225
600,90000,1000,5,1.0399,0.2834,3.67,0.734
600,108000,1000,6,1.0399,0.2546,4.08,0.68
600,72000,1000,2,1.0399,0.9045,1.15,0.575
600,144000,1000,4,1.0399,0.6252,1.66,0.415
600,180000,1000,5,1.0399,0.5799,1.79,0.358
600,216000,1000,6,1.0399,0.5085,2.05,0.3417
600,108000,1000,2,1.0399,1.36,0.76,0.38
600,216000,1000,4,1.0399,0.9583,1.09,0.2725
600,270000,1000,5,1.0399,0.8502,1.22,0.244
600,324000,1000,6,1.0399,0.7839,1.33,0.2217
600,36000,1000,2,1.0399,0.4493,2.31,1.155
600,72000,1000,4,1.0399,0.3159,3.29,0.8225
600,90000,1000,5,1.0399,0.2834,3.67,0.734
600,108000,1000,6,1.0399,0.2546,4.08,0.68
600,72000,1000,2,1.0399,0.9045,1.15,0.575
600,144000,1000,4,1.0399,0.6252,1.66,0.415
600,180000,1000,5,1.0399,0.5799,1.79,0.358
600,216000,1000,6,1.0399,0.5085,2.05,0.3417
600,108000,1000,2,1.0399,1.36,0.76,0.38
600,216000,1000,4,1.0399,0.9583,1.09,0.2725
600,270000,1000,5,1.0399,0.8502,1.22,0.244
600,324000,1000,6,1.0399,0.7839,1.33,0.2217
600,36000,1000,2,1.5574,0.4493,3.47,1.735
600,72000,1000,4,1.5574,0.3159,4.93,1.2325
600,90000,1000,5,1.5574,0.2834,5.5,1.1
600,108000,1000,6,1.5574,0.2546,6.12,1.02
600,72000,1000,2,1.5574,0.9045,1.72,0.86
600,144000,1000,4,1.5574,0.6252,2.49,0.6225
600,180000,1000,5,1.5574,0.5799,2.69,0.538
600,216000,1000,6,1.5574,0.5085,3.06,0.51
600,108000,1000,2,1.5574,1.36,1.15,0.575
600,216000,1000,4,1.5574,0.9583,1.63,0.4075
600,270000,1000,5,1.5574,0.8502,1.83,0.366
600,324000,1000,6,1.5574,0.7839,1.99,0.3317
600,36000,1000,2,1.5574,0.4493,3.47,1.735
600,72000,1000,4,1.5574,0.3159,4.93,1.2325
600,90000,1000,5,1.5574,0.2834,5.5,1.1
600,108000,1000,6,1.5574,0.2546,6.12,1.02
600,72000,1000,2,1.5574,0.9045,1.72,0.86
600,144000,1000,4,1.5574,0.6252,2.49,0.6225
600,180000,1000,5,1.5574,0.5799,2.69,0.538
600,216000,1000,6,1.5574,0.5085,3.06,0.51
600,108000,1000,2,1.5574,1.36,1.15,0.575
600,216000,1000,4,1.5574,0.9583,1.63,0.4075
600,270000,1000,5,1.5574,0.8502,1.83,0.366
600,324000,1000,6,1.5574,0.7839,1.99,0.3317
600,36000,1000,2,1.5574,0.4493,3.47,1.735
600,72000,1000,4,1.5574,0.3159,4.93,1.2325
600,90000,1000,5,1.5574,0.2834,5.5,1.1
600,108000,1000,6,1.5574,0.2546,6.12,1.02
600,72000,1000,2,1.5574,0.9045,1.72,0.86
600,144000,1000,4,1.5574,0.6252,2.49,0.6225
600,180000,1000,5,1.5574,0.5799,2.69,0.538
600,216000,1000,6,1.5574,0.5085,3.06,0.51
600,108000,1000,2,1.5574,1.36,1.15,0.575
600,216000,1000,4,1.5574,0.9583,1.63,0.4075
600,270000,1000,5,1.5574,0.8502,1.83,0.366
600,324000,1000,6,1.5574,0.7839,1.99,0.3317
600,36000,1000,2,1.5574,0.4493,3.47,1.735
600,72000,1000,4,1.5574,0.3159,4.93,1.2325
600,90000,1000,5,1.5574,0.2834,5.5,1.1
600,108000,1000,6,1.5574,0.2546,6.12,1.02
600,72000,1000,2,1.5574,0.9045,1.72,0.86
600,144000,1000,4,1.5574,0.6252,2.49,0.6225
600,180000,1000,5,1.5574,0.5799,2.69,0.538
600,216000,1000,6,1.5574,0.5085,3.06,0.51
600,108000,1000,2,1.5574,1.36,1.15,0.575
600,216000,1000,4,1.5574,0.9583,1.63,0.4075
600,270000,1000,5,1.5574,0.8502,1.83,0.366
600,324000,1000,6,1.5574,0.7839,1.99,0.3317
600,36000,10000,2,5.0013,4.4202,1.13,0.565
600,72000,10000,4,5.0013,3.1016,1.61,0.4025
600,90000,10000,5,5.0013,2.7647,1.81,0.362
600,108000,10000,6,5.0013,2.5766,1.94,0.3233
600,72000,10000,2,5.0013,8.5603,0.58,0.29
600,144000,10000,4,5.0013,5.9472,0.84,0.21
600,180000,10000,5,5.0013,5.2101,0.96,0.192
600,216000,10000,6,5.0013,4.8088,1.04,0.1733
600,108000,10000,2,5.0013,12.1787,0.41,0.205
600,216000,10000,4,5.0013,8.5175,0.59,0.1475
600,270000,10000,5,5.0013,7.5435,0.66,0.132
600,324000,10000,6,5.0013,7.0191,0.71,0.1183
600,36000,10000,2,5.0013,4.4202,1.13,0.565
600,72000,10000,4,5.0013,3.1016,1.61,0.4025
600,90000,10000,5,5.0013,2.7647,1.81,0.362
600,108000,10000,6,5.0013,2.5766,1.94,0.3233
600,72000,10000,2,5.0013,8.5603,0.58,0.29
600,144000,10000,4,5.0013,5.9472,0.84,0.21
600,180000,10000,5,5.0013,5.2101,0.96,0.192
600,216000,10000,6,5.0013,4.8088,1.04,0.1733
600,108000,10000,2,5.0013,12.1787,0.41,0.205
600,216000,10000,4,5.0013,8.5175,0.59,0.1475
600,270000,10000,5,5.0013,7.5435,0.66,0.132
600,324000,10000,6,5.0013,7.0191,0.71,0.1183
600,36000,10000,2,5.0013,4.4202,1.13,0.565
600,72000,10000,4,5.0013,3.1016,1.61,0.4025
600,90000,10000,5,5.0013,2.7647,1.81,0.362
600,108000,10000,6,5.0013,2.5766,1.94,0.3233
600,72000,10000,2,5.0013,8.5603,0.58,0.29
600,144000,10000,4,5.0013,5.9472,0.84,0.21
600,180000,10000,5,5.0013,5.2101,0.96,0.192
600,216000,10000,6,5.0013,4.8088,1.04,0.1733
600,108000,10000,2,5.0013,12.1787,0.41,0.205
600,216000,10000,4,5.0013,8.5175,0.59,0.1475
600,270000,10000,5,5.0013,7.5435,0.66,0.132
600,324000,10000,6,5.0013,7.0191,0.71,0.1183
600,36000,10000,2,5.0013,4.4202,1.13,0.565
600,72000,10000,4,5.0013,3.1016,1.61,0.4025
600,90000,10000,5,5.0013,2.7647,1.81,0.362
600,108000,10000,6,5.0013,2.5766,1.94,0.3233
600,72000,10000,2,5.0013,8.5603,0.58,0.29
600,144000,10000,4,5.0013,5.9472,0.84,0.21
600,180000,10000,5,5.0013,5.2101,0.96,0.192
600,216000,10000,6,5.0013,4.8088,1.04,0.1733
600,108000,10000,2,5.0013,12.1787,0.41,0.205
600,216000,10000,4,5.0013,8.5175,0.59,0.1475
600,270000,10000,5,5.0013,7.5435,0.66,0.132
600,324000,10000,6,5.0013,7.0191,0.71,0.1183
600,36000,10000,2,9.6398,4.4202,2.18,1.09
600,72000,10000,4,9.6398,3.1016,3.11,0.7775
600,90000,10000,5,9.6398,2.7647,3.49,0.698
600,108000,10000,6,9.6398,2.5766,3.74,0.6233
600,72000,10000,2,9.6398,8.5603,1.13,0.565
600,144000,10000,4,9.6398,5.9472,1.62,0.405
600,180000,10000,5,9.6398,5.2101,1.85,0.37
600,216000,10000,6,9.6398,4.8088,2.0,0.3333
600,108000,10000,2,9.6398,12.1787,0.79,0.395
600,216000,10000,4,9.6398,8.5175,1.13,0.2825
600,270000,10000,5,9.6398,7.5435,1.28,0.256
600,324000,10000,6,9.6398,7.0191,1.37,0.2283
600,36000,10000,2,9.6398,4.4202,2.18,1.09
600,72000,10000,4,9.6398,3.1016,3.11,0.7775
600,90000,10000,5,9.6398,2.7647,3.49,0.698
600,108000,10000,6,9.6398,2.5766,3.74,0.6233
600,72000,10000,2,9.6398,8.5603,1.13,0.565
600,144000,10000,4,9.6398,5.9472,1.62,0.405
600,180000,10000,5,9.6398,5.2101,1.85,0.37
600,216000,10000,6,9.6398,4.8088,2.0,0.3333
600,108000,10000,2,9.6398,12.1787,0.79,0.395
600,216000,10000,4,9.6398,8.5175,1.13,0.2825
600,270000,10000,5,9.6398,7.5435,1.28,0.256
600,324000,10000,6,9.6398,7.0191,1.37,0.2283
600,36000,10000,2,9.6398,4.4202,2.18,1.09
600,72000,10000,4,9.6398,3.1016,3.11,0.7775
600,90000,10000,5,9.6398,2.7647,3.49,0.698
600,108000,10000,6,9.6398,2.5766,3.74,0.6233
600,72000,10000,2,9.6398,8.5603,1.13,0.565
600,144000,10000,4,9.6398,5.9472,1.62,0.405
600,180000,10000,5,9.6398,5.2101,1.85,0.37
600,216000,10000,6,9.6398,4.8088,2.0,0.3333
600,108000,10000,2,9.6398,12.1787,0.79,0.395
600,216000,10000,4,9.6398,8.5175,1.13,0.2825
600,270000,10000,5,9.6398,7.5435,1.28,0.256
600,324000,10000,6,9.6398,7.0191,1.37,0.2283
600,36000,10000,2,9.6398,4.4202,2.18,1.09
600,72000,10000,4,9.6398,3.1016,3.11,0.7775
600,90000,10000,5,9.6398,2.7647,3.49,0.698
600,108000,10000,6,9.6398,2.5766,3.74,0.6233
600,72000,10000,2,9.6398,8.5603,1.13,0.565
600,144000,10000,4,9.6398,5.9472,1.62,0.405
600,180000,10000,5,9.6398,5.2101,1.85,0.37
600,216000,10000,6,9.6398,4.8088,2.0,0.3333
600,108000,10000,2,9.6398,12.1787,0.79,0.395
600,216000,10000,4,9.6398,8.5175,1.13,0.2825
600,270000,10000,5,9.6398,7.5435,1.28,0.256
600,324000,10000,6,9.6398,7.0191,1.37,0.2283
600,36000,10000,2,13.7172,4.4202,3.1,1.55
600,72000,10000,4,13.7172,3.1016,4.42,1.105
600,90000,10000,5,13.7172,2.7647,4.96,0.992
600,108000,10000,6,13.7172,2.5766,5.32,0.8867
600,72000,10000,2,13.7172,8.5603,1.6,0.8
600,144000,10000,4,13.7172,5.9472,2.31,0.5775
600,180000,10000,5,13.7172,5.2101,2.63,0.526
600,216000,10000,6,13.7172,4.8088,2.85,0.475
600,108000,10000,2,13.7172,12.1787,1.13,0.565
600,216000,10000,4,13.7172,8.5175,1.61,0.4025
600,270000,10000,5,13.7172,7.5435,1.82,0.364
600,324000,10000,6,13.7172,7.0191,1.95,0.325
600,36000,10000,2,13.7172,4.4202,3.1,1.55
600,72000,10000,4,13.7172,3.1016,4.42,1.105
600,90000,10000,5,13.7172,2.7647,4.96,0.992
600,108000,10000,6,13.7172,2.5766,5.32,0.8867
600,72000,10000,2,13.7172,8.5603,1.6,0.8
600,144000,10000,4,13.7172,5.9472,2.31,0.5775
600,180000,10000,5,13.7172,5.2101,2.63,0.526
600,216000,10000,6,13.7172,4.8088,2.85,0.475
600,108000,10000,2,13.7172,12.1787,1.13,0.565
600,216000,10000,4,13.7172,8.5175,1.61,0.4025
600,270000,10000,5,13.7172,7.5435,1.82,0.364
600,324000,10000,6,13.7172,7.0191,1.95,0.325
600,36000,10000,2,13.7172,4.4202,3.1,1.55
600,72000,10000,4,13.7172,3.1016,4.42,1.105
600,90000,10000,5,13.7172,2.7647,4.96,0.992
600,108000,10000,6,13.7172,2.5766,5.32,0.8867
600,72000,10000,2,13.7172,8.5603,1.6,0.8
600,144000,10000,4,13.7172,5.9472,2.31,0.5775
600,180000,10000,5,13.7172,5.2101,2.63,0.526
600,216000,10000,6,13.7172,4.8088,2.85,0.475
600,108000,10000,2,13.7172,12.1787,1.13,0.565
600,216000,10000,4,13.7172,8.5175,1.61,0.4025
600,270000,10000,5,13.7172,7.5435,1.82,0.364
600,324000,10000,6,13.7172,7.0191,1.95,0.325
600,36000,10000,2,13.7172,4.4202,3.1,1.55
600,72000,10000,4,13.7172,3.1016,4.42,1.105
600,90000,10000,5,13.7172,2.7647,4.96,0.992
600,108000,10000,6,13.7172,2.5766,5.32,0.8867
600,72000,10000,2,13.7172,8.5603,1.6,0.8
600,144000,10000,4,13.7172,5.9472,2.31,0.5775
600,180000,10000,5,13.7172,5.2101,2.63,0.526
600,216000,10000,6,13.7172,4.8088,2.85,0.475
600,108000,10000,2,13.7172,12.1787,1.13,0.565
600,216000,10000,4,13.7172,8.5175,1.61,0.4025
600,270000,10000,5,13.7172,7.5435,1.82,0.364
600,324000,10000,6,13.7172,7.0191,1.95,0.325
600,36000,100000,2,25.3976,23.0865,1.1,0.55
600,72000,100000,4,25.3976,16.6498,1.53,0.3825
600,90000,100000,5,25.3976,14.8401,1.71,0.342
600,108000,100000,6,25.3976,13.5935,1.87,0.3117
600,72000,100000,2,25.3976,26.6068,0.95,0.475
600,144000,100000,4,25.3976,19.6466,1.29,0.3225
600,180000,100000,5,25.3976,17.8815,1.42,0.284
600,216000,100000,6,25.3976,16.7243,1.52,0.2533
600,108000,100000,2,25.3976,27.1179,0.94,0.47
600,216000,100000,4,25.3976,20.735,1.22,0.305
600,270000,100000,5,25.3976,18.2077,1.39,0.278
600,324000,100000,6,25.3976,17.1529,1.48,0.2467
600,36000,100000,2,25.3976,23.0865,1.1,0.55
600,72000,100000,4,25.3976,16.6498,1.53,0.3825
600,90000,100000,5,25.3976,14.8401,1.71,0.342
600,108000,100000,6,25.3976,13.5935,1.87,0.3117
600,72000,100000,2,25.3976,26.6068,0.95,0.475
600,144000,100000,4,25.3976,19.6466,1.29,0.3225
600,180000,100000,5,25.3976,17.8815,1.42,0.284
600,216000,100000,6,25.3976,16.7243,1.52,0.2533
600,108000,100000,2,25.3976,27.1179,0.94,0.47
600,216000,100000,4,25.3976,20.735,1.22,0.305
600,270000,100000,5,25.3976,18.2077,1.39,0.278
600,324000,100000,6,25.3976,17.1529,1.48,0.2467
600,36000,100000,2,25.3976,23.0865,1.1,0.55
600,72000,100000,4,25.3976,16.6498,1.53,0.3825
600,90000,100000,5,25.3976,14.8401,1.71,0.342
600,108000,100000,6,25.3976,13.5935,1.87,0.3117
600,72000,100000,2,25.3976,26.6068,0.95,0.475
600,144000,100000,4,25.3976,19.6466,1.29,0.3225
600,180000,100000,5,25.3976,17.8815,1.42,0.284
600,216000,100000,6,25.3976,16.7243,1.52,0.2533
600,108000,100000,2,25.3976,27.1179,0.94,0.47
600,216000,100000,4,25.3976,20.735,1.22,0.305
600,270000,100000,5,25.3976,18.2077,1.39,0.278
600,324000,100000,6,25.3976,17.1529,1.48,0.2467
600,36000,100000,2,25.3976,23.0865,1.1,0.55
600,72000,100000,4,25.3976,16.6498,1.53,0.3825
600,90000,100000,5,25.3976,14.8401,1.71,0.342
600,108000,100000,6,25.3976,13.5935,1.87,0.3117
600,72000,100000,2,25.3976,26.6068,0.95,0.475
600,144000,100000,4,25.3976,19.6466,1.29,0.3225
600,180000,100000,5,25.3976,17.8815,1.42,0.284
600,216000,100000,6,25.3976,16.7243,1.52,0.2533
600,108000,100000,2,25.3976,27.1179,0.94,0.47
600,216000,100000,4,25.3976,20.735,1.22,0.305
600,270000,100000,5,25.3976,18.2077,1.39,0.278
600,324000,100000,6,25.3976,17.1529,1.48,0.2467
600,36000,100000,2,29.461,23.0865,1.28,0.64
600,72000,100000,4,29.461,16.6498,1.77,0.4425
600,90000,100000,5,29.461,14.8401,1.99,0.398
600,108000,100000,6,29.461,13.5935,2.17,0.3617
600,72000,100000,2,29.461,26.6068,1.11,0.555
600,144000,100000,4,29.461,19.6466,1.5,0.375
600,180000,100000,5,29.461,17.8815,1.65,0.33
600,216000,100000,6,29.461,16.7243,1.76,0.2933
600,108000,100000,2,29.461,27.1179,1.09,0.545
600,216000,100000,4,29.461,20.735,1.42,0.355
600,270000,100000,5,29.461,18.2077,1.62,0.324
600,324000,100000,6,29.461,17.1529,1.72,0.2867
600,36000,100000,2,29.461,23.0865,1.28,0.64
600,72000,100000,4,29.461,16.6498,1.77,0.4425
600,90000,100000,5,29.461,14.8401,1.99,0.398
600,108000,100000,6,29.461,13.5935,2.17,0.3617
600,72000,100000,2,29.461,26.6068,1.11,0.555
600,144000,100000,4,29.461,19.6466,1.5,0.375
600,180000,100000,5,29.461,17.8815,1.65,0.33
600,216000,100000,6,29.461,16.7243,1.76,0.2933
600,108000,100000,2,29.461,27.1179,1.09,0.545
600,216000,100000,4,29.461,20.735,1.42,0.355
600,270000,100000,5,29.461,18.2077,1.62,0.324
600,324000,100000,6,29.461,17.1529,1.72,0.2867
600,36000,100000,2,29.461,23.0865,1.28,0.64
600,72000,100000,4,29.461,16.6498,1.77,0.4425
600,90000,100000,5,29.461,14.8401,1.99,0.398
600,108000,100000,6,29.461,13.5935,2.17,0.3617
600,72000,100000,2,29.461,26.6068,1.11,0.555
600,144000,100000,4,29.461,19.6466,1.5,0.375
600,180000,100000,5,29.461,17.8815,1.65,0.33
600,216000,100000,6,29.461,16.7243,1.76,0.2933
600,108000,100000,2,29.461,27.1179,1.09,0.545
600,216000,100000,4,29.461,20.735,1.42,0.355
600,270000,100000,5,29.461,18.2077,1.62,0.324
600,324000,100000,6,29.461,17.1529,1.72,0.2867
600,36000,100000,2,29.461,23.0865,1.28,0.64
600,72000,100000,4,29.461,16.6498,1.77,0.4425
600,90000,100000,5,29.461,14.8401,1.99,0.398
600,108000,100000,6,29.461,13.5935,2.17,0.3617
600,72000,100000,2,29.461,26.6068,1.11,0.555
600,144000,100000,4,29.461,19.6466,1.5,0.375
600,180000,100000,5,29.461,17.8815,1.65,0.33
600,216000,100000,6,29.461,16.7243,1.76,0.2933
600,108000,100000,2,29.461,27.1179,1.09,0.545
600,216000,100000,4,29.461,20.735,1.42,0.355
600,270000,100000,5,29.461,18.2077,1.62,0.324
600,324000,100000,6,29.461,17.1529,1.72,0.2867
600,36000,100000,2,30.1045,23.0865,1.3,0.65
600,72000,100000,4,30.1045,16.6498,1.81,0.4525
600,90000,100000,5,30.1045,14.8401,2.03,0.406
600,108000,100000,6,30.1045,13.5935,2.21,0.3683
600,72000,100000,2,30.1045,26.6068,1.13,0.565
600,144000,100000,4,30.1045,19.6466,1.53,0.3825
600,180000,100000,5,30.1045,17.8815,1.68,0.336
600,216000,100000,6,30.1045,16.7243,1.8,0.3
600,108000,100000,2,30.1045,27.1179,1.11,0.555
600,216000,100000,4,30.1045,20.735,1.45,0.3625
600,270000,100000,5,30.1045,18.2077,1.65,0.33
600,324000,100000,6,30.1045,17.1529,1.76,0.2933
600,36000,100000,2,30.1045,23.0865,1.3,0.65
600,72000,100000,4,30.1045,16.6498,1.81,0.4525
600,90000,100000,5,30.1045,14.8401,2.03,0.406
600,108000,100000,6,30.1045,13.5935,2.21,0.3683
600,72000,100000,2,30.1045,26.6068,1.13,0.565
600,144000,100000,4,30.1045,19.6466,1.53,0.3825
600,180000,100000,5,30.1045,17.8815,1.68,0.336
600,216000,100000,6,30.1045,16.7243,1.8,0.3
600,108000,100000,2,30.1045,27.1179,1.11,0.555
600,216000,100000,4,30.1045,20.735,1.45,0.3625
600,270000,100000,5,30.1045,18.2077,1.65,0.33
600,324000,100000,6,30.1045,17.1529,1.76,0.2933
600,36000,100000,2,30.1045,23.0865,1.3,0.65
600,72000,100000,4,30.1045,16.6498,1.81,0.4525
600,90000,100000,5,30.1045,14.8401,2.03,0.406
600,108000,100000,6,30.1045,13.5935,2.21,0.3683
600,72000,100000,2,30.1045,26.6068,1.13,0.565
600,144000,100000,4,30.1045,19.6466,1.53,0.3825
600,180000,100000,5,30.1045,17.8815,1.68,0.336
600,216000,100000,6,30.1045,16.7243,1.8,0.3
600,108000,100000,2,30.1045,27.1179,1.11,0.555
600,216000,100000,4,30.1045,20.735,1.45,0.3625
600,270000,100000,5,30.1045,18.2077,1.65,0.33
600,324000,100000,6,30.1045,17.1529,1.76,0.2933
600,36000,100000,2,30.1045,23.0865,1.3,0.65
600,72000,100000,4,30.1045,16.6498,1.81,0.4525
600,90000,100000,5,30.1045,14.8401,2.03,0.406
600,108000,100000,6,30.1045,13.5935,2.21,0.3683
600,72000,100000,2,30.1045,26.6068,1.13,0.565
600,144000,100000,4,30.1045,19.6466,1.53,0.3825
600,180000,100000,5,30.1045,17.8815,1.68,0.336
600,216000,100000,6,30.1045,16.7243,1.8,0.3
600,108000,100000,2,30.1045,27.1179,1.11,0.555
600,216000,100000,4,30.1045,20.735,1.45,0.3625
600,270000,100000,5,30.1045,18.2077,1.65,0.33
600,324000,100000,6,30.1045,17.1529,1.76,0.2933
